INSERT INTO Song VALUES ('dQw4w9WgXcQ', 'Never Gonna Give You Up');
INSERT INTO artist VALUES ('Rick Astley', 'dQw4w9WgXcQ');
INSERT INTO genre VALUES ('Pop', 'dQw4w9WgXcQ');

INSERT INTO Song VALUES ('zYwCmcB0XMw', 'New Slang');
INSERT INTO artist VALUES ('The Shins', 'zYwCmcB0XMw');
INSERT INTO genre VALUES ('Indie', 'zYwCmcB0XMw');

INSERT INTO Song VALUES ('PeQAZsyucbQ', 'The View From the Afternoon');
INSERT INTO artist VALUES ('Arctic Monkeys', 'PeQAZsyucbQ');
INSERT INTO genre VALUES ('Rock', 'PeQAZsyucbQ');

INSERT INTO Song VALUES ('KTcrX17joIE', 'The Birds');
INSERT INTO artist VALUES ('Elbow', 'KTcrX17joIE');
INSERT INTO genre VALUES ('Rock', 'KTcrX17joIE');

INSERT INTO Song VALUES ('My2FRPA3Gf8', 'Wreckingball');
INSERT INTO artist VALUES ('Miley Cyrus', 'My2FRPA3Gf8');
INSERT INTO genre VALUES ('Pop', 'My2FRPA3Gf8');

INSERT INTO Song VALUES ('CevxZvSJLk8', 'Roar');
INSERT INTO artist VALUES ('Katy Perry', 'CevxZvSJLk8');
INSERT INTO genre VALUES ('Pop', 'CevxZvSJLk8');

INSERT INTO Song VALUES ('oiKj0Z_Xnjc', 'Papaoutai');
INSERT INTO artist VALUES ('Stromae', 'oiKj0Z_Xnjc');
INSERT INTO genre VALUES ('Electronic', 'oiKj0Z_Xnjc');

INSERT INTO Song VALUES ('eTOKcxIujgE', 'Più Bella Cosa');
INSERT INTO artist VALUES ('Eros Ramazotti', 'eTOKcxIujgE');
INSERT INTO genre VALUES ('Pop', 'eTOKcxIujgE');

INSERT INTO Song VALUES ('wHDUGZZMoiI', 'Voor Ik Vergeet');
INSERT INTO artist VALUES ('Spinvis', 'wHDUGZZMoiI');
INSERT INTO genre VALUES ('Nederlands', 'wHDUGZZMoiI');

INSERT INTO Song VALUES ('fJ9rUzIMcZQ', 'Bohemian Rhapsody');
INSERT INTO artist VALUES ('Queen', 'fJ9rUzIMcZQ');
INSERT INTO genre VALUES ('Rock', 'fJ9rUzIMcZQ');

INSERT INTO Song VALUES ('6Ejga4kJUts', 'Zombie');
INSERT INTO artist VALUES ('The Cransberries', '6Ejga4kJUts');
INSERT INTO genre VALUES ('Rock', '6Ejga4kJUts');

INSERT INTO Song VALUES ('wVyggTKDcOE', 'Goodbye my Lover');
INSERT INTO artist VALUES ('James Blunt', 'wVyggTKDcOE');
INSERT INTO genre VALUES ('Rock', 'wVyggTKDcOE');

INSERT INTO Song VALUES ('WNIPqafd4As', 'My Heart Will Go On');
INSERT INTO artist VALUES ('Céline Dion', 'WNIPqafd4As');
INSERT INTO genre VALUES ('Pop', 'WNIPqafd4As');

INSERT INTO Song VALUES ('zXt56MB-3vc', 'Red Red Wine');
INSERT INTO artist VALUES ('UB40', 'zXt56MB-3vc');
INSERT INTO genre VALUES ('Reggae', 'zXt56MB-3vc');

INSERT INTO Song VALUES ('ab9176Srb5Y', 'Berzerk');
INSERT INTO artist VALUES ('Eminem', 'ab9176Srb5Y');
INSERT INTO genre VALUES ('Hip Hop', 'ab9176Srb5Y');

INSERT INTO Song VALUES ('o8VZX4sHn-4', 'Fuck You');
INSERT INTO artist VALUES ('Lily Allen', 'o8VZX4sHn-4');
INSERT INTO genre VALUES ('Pop', 'o8VZX4sHn-4');

INSERT INTO Song VALUES ('juqws1LIH-I', 'Cater 2 U');
INSERT INTO artist VALUES ("Destiny's Child", 'juqws1LIH-I');
INSERT INTO genre VALUES ('R&B', 'juqws1LIH-I');

INSERT INTO Song VALUES ('Gcg__eDktgY', 'Hey Sexy Lady');
INSERT INTO artist VALUES ('Shaggy', 'Gcg__eDktgY');
INSERT INTO genre VALUES ('R&B', 'Gcg__eDktgY');

INSERT INTO Song VALUES ('tkKSnkCv_HM', 'Niño Soldado');
INSERT INTO artist VALUES ('Ska-P', 'tkKSnkCv_HM');
INSERT INTO genre VALUES ('Ska', 'tkKSnkCv_HM');

INSERT INTO Song VALUES ('4N3N1MlvVc4', 'Mad World');
INSERT INTO artist VALUES ('Gary Jules', '4N3N1MlvVc4');
INSERT INTO genre VALUES ('Pop', '4N3N1MlvVc4');

INSERT INTO Song VALUES ('GhCXAiNz9Jo', 'Take Me Out');
INSERT INTO artist VALUES ('Franz Ferdinand', 'GhCXAiNz9Jo');
INSERT INTO genre VALUES ('Indie', 'GhCXAiNz9Jo');

INSERT INTO Song VALUES ('dUa5yJNaLBs', 'Toxicity');
INSERT INTO artist VALUES ('System of a Down', 'dUa5yJNaLBs');
INSERT INTO genre VALUES ('Metal', 'dUa5yJNaLBs');

INSERT INTO Song VALUES ('hTWKbfoikeg', 'Smells Like Teen Spirit');
INSERT INTO artist VALUES ('Nirvana', 'hTWKbfoikeg');
INSERT INTO genre VALUES ('Rock', 'hTWKbfoikeg');

INSERT INTO Song VALUES ('5DUCKGyojpE', 'Miss You');
INSERT INTO artist VALUES ('Trentemøller ', '5DUCKGyojpE');
INSERT INTO genre VALUES ('Electronic', '5DUCKGyojpE');

INSERT INTO Song VALUES ('k2CFDsG_oxg', 'The Architect');
INSERT INTO artist VALUES ('dEUS', 'k2CFDsG_oxg');
INSERT INTO genre VALUES ('Rock', 'k2CFDsG_oxg');

INSERT INTO Song VALUES ('vraoiVCDdaM', 'Holiday');
INSERT INTO artist VALUES ('Vampire Weekend', 'vraoiVCDdaM');
INSERT INTO genre VALUES ('Indie', 'vraoiVCDdaM');

INSERT INTO Song VALUES ('FGBhQbmPwH8', 'One More Time');
INSERT INTO artist VALUES ('Daft Punk', 'FGBhQbmPwH8');
INSERT INTO genre VALUES ('Electronic', 'FGBhQbmPwH8');

INSERT INTO Song VALUES ('LoQYw49saqc', 'Clint Eastwood');
INSERT INTO artist VALUES ('Gorillaz', 'LoQYw49saqc');
INSERT INTO genre VALUES ('Hip Hop', 'LoQYw49saqc');

INSERT INTO Song VALUES ('PWgvGjAhvIw', 'Hey Ya!');
INSERT INTO artist VALUES ('Outkast', 'PWgvGjAhvIw');
INSERT INTO genre VALUES ('Hip Hop', 'PWgvGjAhvIw');

INSERT INTO Song VALUES ('xPU8OAjjS4k', 'Kryptonite');
INSERT INTO artist VALUES ('3 Doors Down', 'xPU8OAjjS4k');
INSERT INTO genre VALUES ('Rock', 'xPU8OAjjS4k');

INSERT INTO Song VALUES ('SBjQ9tuuTJQ', 'The Pretender');
INSERT INTO artist VALUES ('Foo Fighters', 'SBjQ9tuuTJQ');
INSERT INTO genre VALUES ('Rock', 'SBjQ9tuuTJQ');

INSERT INTO Song VALUES ('F__5hCMt8s4', 'Black Skinhead');
INSERT INTO artist VALUES ('Kanye West', 'F__5hCMt8s4');
INSERT INTO genre VALUES ('Hip Hop', 'F__5hCMt8s4');

INSERT INTO Song VALUES ('F__5hCMt8s4', 'Can´t Hold Us');
INSERT INTO artist VALUES ('Macklemore & Ryan Lewis', 'F__5hCMt8s4');
INSERT INTO genre VALUES ('Hip Hop', 'F__5hCMt8s4');

INSERT INTO Song VALUES ('y6Sxv-sUYtM', 'Happy');
INSERT INTO artist VALUES ('Pharrell Williams', 'y6Sxv-sUYtM');
INSERT INTO genre VALUES ('Pop', 'y6Sxv-sUYtM');

INSERT INTO Song VALUES ('qcguxHc4hiU', 'Indian Summer');
INSERT INTO artist VALUES ('Stereophonics', 'qcguxHc4hiU');
INSERT INTO genre VALUES ('Indie', 'qcguxHc4hiU');

INSERT INTO Song VALUES ('ktvTqknDobU', 'Radioactive');
INSERT INTO artist VALUES ('Imagine Dragons', 'ktvTqknDobU');
INSERT INTO genre VALUES ('Indie', 'ktvTqknDobU');

INSERT INTO Song VALUES ('w5tWYmIOWGk', 'On Top Of The World');
INSERT INTO artist VALUES ('Imagine Dragons', 'w5tWYmIOWGk');
INSERT INTO genre VALUES ('Indie', 'w5tWYmIOWGk');

INSERT INTO Song VALUES ('YsTHsXeXnd0', 'No Need For A Leader');
INSERT INTO artist VALUES ('Unknown Mortal Orchestra', 'YsTHsXeXnd0');
INSERT INTO genre VALUES ('Psychedelic', 'YsTHsXeXnd0');

INSERT INTO Song VALUES ('b0jqPvpn3sY', 'Elephant');
INSERT INTO artist VALUES ('Tame Impala', 'b0jqPvpn3sY');
INSERT INTO genre VALUES ('Psychedelic', 'b0jqPvpn3sY');

INSERT INTO Song VALUES ('5Euj9f3gdyM', 'The Suburbs');
INSERT INTO artist VALUES ('Arcade Fire', '5Euj9f3gdyM');
INSERT INTO genre VALUES ('Indie', '5Euj9f3gdyM');

INSERT INTO Song VALUES ('MQvZ4N1RfS8', 'Rebellion (Lies)');
INSERT INTO artist VALUES ('Arcade Fire', 'MQvZ4N1RfS8');
INSERT INTO genre VALUES ('Indie', 'MQvZ4N1RfS8');

INSERT INTO Song VALUES ('Th3ycKQV_4k', 'Layla');
INSERT INTO artist VALUES ('Derek And the Dominos', 'Th3ycKQV_4k');
INSERT INTO genre VALUES ('Rock', 'Th3ycKQV_4k');

INSERT INTO Song VALUES ('98W9QuMq-2k', 'Vertigo');
INSERT INTO artist VALUES ('U2', '98W9QuMq-2k');
INSERT INTO genre VALUES ('Rock', '98W9QuMq-2k');

INSERT INTO Song VALUES ('vx2u5uUu3DE', "It's My Life");
INSERT INTO artist VALUES ('Bon Jovi', 'vx2u5uUu3DE');
INSERT INTO genre VALUES ('Rock', 'vx2u5uUu3DE');

INSERT INTO Song VALUES ('v_09wFxoaeQ', 'Before I Forget');
INSERT INTO artist VALUES ('Slipknot', 'v_09wFxoaeQ');
INSERT INTO genre VALUES ('Metal', 'v_09wFxoaeQ');

INSERT INTO Song VALUES ('geHLdg_VNww', 'Run To The Hills');
INSERT INTO artist VALUES ('Iron Maiden', 'geHLdg_VNww');
INSERT INTO genre VALUES ('Metal', 'geHLdg_VNww');

INSERT INTO Song VALUES ('WM8bTdBs-cw', 'One');
INSERT INTO artist VALUES ('Metallica', 'WM8bTdBs-cw');
INSERT INTO genre VALUES ('Metal', 'WM8bTdBs-cw');

INSERT INTO Song VALUES ('dvgZkm1xWPE', 'Viva La Vida');
INSERT INTO artist VALUES ('Coldplay', 'dvgZkm1xWPE');
INSERT INTO genre VALUES ('Indie', 'dvgZkm1xWPE');

INSERT INTO Song VALUES ('MEQMkzjcLEA', 'Some Chords');
INSERT INTO artist VALUES ('deadmau5', 'MEQMkzjcLEA');
INSERT INTO genre VALUES ('Electronic', 'MEQMkzjcLEA');

INSERT INTO Song VALUES ('s88r_q7oufE', 'No One Knows');
INSERT INTO artist VALUES ('Queens of the Stone Age', 's88r_q7oufE');
INSERT INTO genre VALUES ('Rock', 's88r_q7oufE');

INSERT INTO Song VALUES ('gXN9acC9edU', 'Stockholm Syndrome');
INSERT INTO artist VALUES ('Muse', 'gXN9acC9edU');
INSERT INTO genre VALUES ('Rock', 'gXN9acC9edU');

INSERT INTO Song VALUES ('cfOa1a8hYP8', 'Lotus Flower');
INSERT INTO artist VALUES ('Radiohead', 'cfOa1a8hYP8');
INSERT INTO genre VALUES ('Alternative Rock', 'cfOa1a8hYP8');

INSERT INTO Song VALUES ('u7K72X4eo_s', 'Teardrop');
INSERT INTO artist VALUES ('Massive Attack', 'u7K72X4eo_s');
INSERT INTO genre VALUES ('Indie', 'u7K72X4eo_s');

INSERT INTO Song VALUES ('13EifDb4GYs', 'Porcelain');
INSERT INTO artist VALUES ('Moby', '13EifDb4GYs');
INSERT INTO genre VALUES ('Electronic', '13EifDb4GYs');

INSERT INTO Song VALUES ('LuqEbRzy_t8', 'Insomnia');
INSERT INTO artist VALUES ('Faithless', 'LuqEbRzy_t8');
INSERT INTO genre VALUES ('Electronic', 'LuqEbRzy_t8');

INSERT INTO Song VALUES ('1lyu1KKwC74', 'Bitter Sweet Symphony');
INSERT INTO artist VALUES ('The Verve', '1lyu1KKwC74');
INSERT INTO genre VALUES ('Indie', '1lyu1KKwC74');

INSERT INTO Song VALUES ('SSbBvKaM6sk', 'Song 2');
INSERT INTO artist VALUES ('Blur', 'SSbBvKaM6sk');
INSERT INTO genre VALUES ('Rock', 'SSbBvKaM6sk');

INSERT INTO Song VALUES ('6hzrDeceEKc', 'Wonderwall');
INSERT INTO artist VALUES ('Oasis', '6hzrDeceEKc');
INSERT INTO genre VALUES ('Indie', '6hzrDeceEKc');

INSERT INTO Song VALUES ('WA0t6ErCtus', 'Year Of Summer');
INSERT INTO artist VALUES ('Wildstylez', 'WA0t6ErCtus');
INSERT INTO genre VALUES ('Hardstyle', 'WA0t6ErCtus');

INSERT INTO Song VALUES ('BR_DFMUzX4E', 'This is What it Feels Like');
INSERT INTO artist VALUES ('Armin Van Buuren', 'BR_DFMUzX4E');
INSERT INTO genre VALUES ('Dance', 'BR_DFMUzX4E');

INSERT INTO Song VALUES ('IcrbM1l_BoI', 'Wake Me Up');
INSERT INTO artist VALUES ('Avicii', 'IcrbM1l_BoI');
INSERT INTO genre VALUES ('Dance', 'IcrbM1l_BoI');

INSERT INTO Song VALUES ('1y6smkh6c-0', "Don't You Worry Child");
INSERT INTO artist VALUES ('Swedish House Maffia', '1y6smkh6c-0');
INSERT INTO genre VALUES ('Dance', '1y6smkh6c-0');

INSERT INTO Song VALUES ('pV7aM32Jur8', 'Still Counting');
INSERT INTO artist VALUES ('Volbeat', 'pV7aM32Jur8');
INSERT INTO genre VALUES ('Rock', 'pV7aM32Jur8');

INSERT INTO Song VALUES ('NDmeMjsV35U', 'That Golden Rule');
INSERT INTO artist VALUES ('Biffy Clyro', 'NDmeMjsV35U');
INSERT INTO genre VALUES ('Rock', 'NDmeMjsV35U');

INSERT INTO Song VALUES ('FOBeubfr-xY', 'The Bitter End');
INSERT INTO artist VALUES ('Placebo', 'FOBeubfr-xY');
INSERT INTO genre VALUES ('Rock', 'FOBeubfr-xY');

INSERT INTO Song VALUES ('bWXazVhlyxQ', 'Killing in The Name');
INSERT INTO artist VALUES ('Rage Against The Machine', 'bWXazVhlyxQ');
INSERT INTO genre VALUES ('Rock', 'bWXazVhlyxQ');

INSERT INTO Song VALUES ('RF0HhrwIwp0', 'Sex On Fire');
INSERT INTO artist VALUES ('Kings of Leon', 'RF0HhrwIwp0');
INSERT INTO genre VALUES ('Rock', 'RF0HhrwIwp0');

INSERT INTO Song VALUES ('uuZE_IRwLNI', 'Mirrors');
INSERT INTO artist VALUES ('Justin Timberlake', 'uuZE_IRwLNI');
INSERT INTO genre VALUES ('Pop', 'uuZE_IRwLNI');

INSERT INTO Song VALUES ('yyDUC1LUXSU', 'Blurred Lines ft. T.I., Pharrell');
INSERT INTO artist VALUES ('Robin Thicke', 'yyDUC1LUXSU');
INSERT INTO genre VALUES ('Pop', 'yyDUC1LUXSU');

INSERT INTO Song VALUES ('nlcIKh6sBtc', 'Royals');
INSERT INTO artist VALUES ('Lorde', 'nlcIKh6sBtc');
INSERT INTO genre VALUES ('Indie', 'nlcIKh6sBtc');

INSERT INTO Song VALUES ('penvn9VL32Y', 'Dashboard');
INSERT INTO artist VALUES ('Modest Mouse', 'penvn9VL32Y');
INSERT INTO genre VALUES ('Indie', 'penvn9VL32Y');

INSERT INTO Song VALUES ('OZCfqhRgJ0Q', 'Carry Me');
INSERT INTO artist VALUES ('Bombay Bicycle Club', 'OZCfqhRgJ0Q');
INSERT INTO genre VALUES ('Indie', 'OZCfqhRgJ0Q');

INSERT INTO Song VALUES ('LLK4oaXUuLg', 'Undercover Martyn');
INSERT INTO artist VALUES ('Two Door Cinema Club', 'LLK4oaXUuLg');
INSERT INTO genre VALUES ('Indie', 'LLK4oaXUuLg');

INSERT INTO Song VALUES ('YSzuj0NvV9s', "Kids Aren't Safe in the Metro");
INSERT INTO artist VALUES ('Satellite Stories', 'YSzuj0NvV9s');
INSERT INTO genre VALUES ('Indie', 'YSzuj0NvV9s');

INSERT INTO Song VALUES ('1TffpkE2GU4', 'The Wire');
INSERT INTO artist VALUES ('HAIM', '1TffpkE2GU4');
INSERT INTO genre VALUES ('Indie', '1TffpkE2GU4');

INSERT INTO Song VALUES ('n4ZIPIwGkGk', 'Watch Out For This (Bumayee)');
INSERT INTO artist VALUES ('Major Lazer', 'n4ZIPIwGkGk');
INSERT INTO genre VALUES ('Electronic', 'n4ZIPIwGkGk');

INSERT INTO Song VALUES ('CnNU-EwYjaQ', 'Sukkel voor de Liefde');
INSERT INTO artist VALUES ('The Opposites', 'CnNU-EwYjaQ');
INSERT INTO genre VALUES ('Hip Hop', 'CnNU-EwYjaQ');

INSERT INTO Song VALUES ('0a5WyAjL1MM', 'Waves');
INSERT INTO artist VALUES ('Mr. Probz', '0a5WyAjL1MM');
INSERT INTO genre VALUES ('Indie', '0a5WyAjL1MM');

INSERT INTO Song VALUES ('450p7goxZqg', 'All of Me');
INSERT INTO artist VALUES ('John Legend', '450p7goxZqg');
INSERT INTO genre VALUES ('Soul', '450p7goxZqg');

INSERT INTO Song VALUES ('cOrc37wNUqU', 'Coco Jambo');
INSERT INTO artist VALUES ('Mr. President', 'cOrc37wNUqU');
INSERT INTO genre VALUES ('Pop', 'cOrc37wNUqU');

INSERT INTO Song VALUES ('h_D3VFfhvs4', 'Smooth Criminal');
INSERT INTO artist VALUES ('Michael Jackson', 'h_D3VFfhvs4');
INSERT INTO genre VALUES ('Pop', 'h_D3VFfhvs4');

INSERT INTO Song VALUES ('6B2wtC91_0U', 'Beat It');
INSERT INTO artist VALUES ('Michael Jackson', '6B2wtC91_0U');
INSERT INTO genre VALUES ('Pop', '6B2wtC91_0U');

INSERT INTO Song VALUES ('zUzd9KyIDrM', 'B.Y.O.B.');
INSERT INTO artist VALUES ('System of a Down', 'zUzd9KyIDrM');
INSERT INTO genre VALUES ('Metal', 'zUzd9KyIDrM');

INSERT INTO Song VALUES ('KzGKsXPBILw', 'Du Hast');
INSERT INTO artist VALUES ('Rammstein', 'KzGKsXPBILw');
INSERT INTO genre VALUES ('Metal', 'KzGKsXPBILw');

INSERT INTO Song VALUES ('RqTsUtQLRFk', 'Right Action');
INSERT INTO artist VALUES ('Franz Ferdinand', 'RqTsUtQLRFk');
INSERT INTO genre VALUES ('Indie', 'RqTsUtQLRFk');

INSERT INTO Song VALUES ('bpOSxM0rNPM', 'Do I Wanna Know');
INSERT INTO artist VALUES ('Arctic Monkeys', 'bpOSxM0rNPM');
INSERT INTO genre VALUES ('Rock', 'bpOSxM0rNPM');

INSERT INTO Song VALUES ('a_426RiwST8', 'Lonely Boy');
INSERT INTO artist VALUES ('The Black Keys', 'a_426RiwST8');
INSERT INTO genre VALUES ('Rock', 'a_426RiwST8');

INSERT INTO Song VALUES ('jEYbGp75oAg', 'Down In The City');
INSERT INTO artist VALUES ('traumahelikopter', 'jEYbGp75oAg');
INSERT INTO genre VALUES ('Rock', 'jEYbGp75oAg');

INSERT INTO Song VALUES ('dX3k_QDnzHE', 'Midnight City');
INSERT INTO artist VALUES ('M83', 'dX3k_QDnzHE');
INSERT INTO genre VALUES ('Electronic', 'dX3k_QDnzHE');

INSERT INTO Song VALUES ('IPKAwJKGSDc', 'Alive');
INSERT INTO artist VALUES ('Empire of the Sun', 'IPKAwJKGSDc');
INSERT INTO genre VALUES ('Electronic', 'IPKAwJKGSDc');

INSERT INTO Song VALUES ('jkaMiaRLgvY', 'Naive');
INSERT INTO artist VALUES ('The Kooks', 'jkaMiaRLgvY');
INSERT INTO genre VALUES ('Indie', 'jkaMiaRLgvY');

INSERT INTO Song VALUES ('4BJDNw7o6so', 'Lisztomania');
INSERT INTO artist VALUES ('Phoenix', '4BJDNw7o6so');
INSERT INTO genre VALUES ('Indie', '4BJDNw7o6so');

INSERT INTO Song VALUES ('5NV6Rdv1a3I', 'Get Lucky');
INSERT INTO artist VALUES ('Daft Punk ft. Pharrell Williams', '5NV6Rdv1a3I');
INSERT INTO genre VALUES ('Dance', '5NV6Rdv1a3I');

INSERT INTO Song VALUES ('_6FBfAQ-NDE', "Just Can't Get Enough");
INSERT INTO artist VALUES ('Depeche Mode', '_6FBfAQ-NDE');
INSERT INTO genre VALUES ('Indie', '_6FBfAQ-NDE');

INSERT INTO Song VALUES ('UhjG47gtMCo', 'Schism');
INSERT INTO artist VALUES ('Tool', 'UhjG47gtMCo');
INSERT INTO genre VALUES ('Metal', 'UhjG47gtMCo');

INSERT INTO Song VALUES ('wa2nLEhUcZ0', "Friday I'm In Love");
INSERT INTO artist VALUES ('The Cure', 'wa2nLEhUcZ0');
INSERT INTO genre VALUES ('Indie', 'wa2nLEhUcZ0');

INSERT INTO Song VALUES ('gGdGFtwCNBE', 'Mr. Brightside');
INSERT INTO artist VALUES ('The Killers', 'gGdGFtwCNBE');
INSERT INTO genre VALUES ('Rock', 'gGdGFtwCNBE');

INSERT INTO Song VALUES ('0EWbonj7f18', 'Tsunami');
INSERT INTO artist VALUES ('DVBBS & Borgeous', '0EWbonj7f18');
INSERT INTO genre VALUES ('Electronic', '0EWbonj7f18');